{
  "project_info": {
    "project_number": "1042409551975",
    "firebase_url": "https://carpooling-164014.firebaseio.com",
    "project_id": "carpooling-164014",
    "storage_bucket": "carpooling-164014.appspot.com"
  },
  "client": [
    {
      "client_info": {
        "mobilesdk_app_id": "1:1042409551975:android:dd146a07357b9640",
        "android_client_info": {
          "package_name": "com.example.admin.carpooling"
        }
      },
      "oauth_client": [
        {
          "client_id": "1042409551975-aenlsd8jj1eqpu759hcbhlql69ib78dm.apps.googleusercontent.com",
          "client_type": 3
        }
      ],
      "api_key": [
        {
          "current_key": "AIzaSyCcknZOgJhXHd2gVv0LB22h79UZtdWMNnY"
        }
      ],
      "services": {
        "analytics_service": {
          "status": 1
        },
        "appinvite_service": {
          "status": 1,
          "other_platform_oauth_client": []
        },
        "ads_service": {
          "status": 2
        }
      }
    }
  ],
  "configuration_version": "1"
}